sample_id,fragment_id,time,exposure,tank,genotype,final_disease_state,clone_group,resistance,reads,susceptability
T0_D_HOMO_1,D_HOMO_1,T0,D,HOMO,1,D,NA,NA,NA,NA
T0_D_HOMO_2,D_HOMO_2,T0,D,HOMO,2,D,NA,NA,NA,NA
T0_D_HOMO_3,D_HOMO_3,T0,D,HOMO,3,D,NA,NA,NA,NA
T0_D_HOMO_4,D_HOMO_4,T0,D,HOMO,4,D,NA,NA,NA,NA
T0_D_HOMO_5,D_HOMO_5,T0,D,HOMO,5,D,NA,NA,NA,NA
T0_H_HOMO_1,H_HOMO_1,T0,H,HOMO,1,H,NA,NA,NA,NA
T0_H_HOMO_2,H_HOMO_2,T0,H,HOMO,2,H,NA,NA,NA,NA
T0_H_HOMO_3,H_HOMO_3,T0,H,HOMO,3,H,NA,NA,NA,NA
T0_H_HOMO_4,H_HOMO_4,T0,H,HOMO,4,H,NA,NA,NA,NA
T0_H_HOMO_5,H_HOMO_5,T0,H,HOMO,5,H,NA,NA,NA,NA
T0_REP1_R_K1,F_Field_K1,T0,F,Field,K1,NA,clone_3,0.6367881518843654,12089,R
T0_REP1_R_M5,F_Field_M5,T0,F,Field,M5,NA,clone_10,0.6367881518843654,28089,R
T0_REP1_R_U37,F_Field_U37,T0,F,Field,U37,NA,clone_26,0.6367881518843654,7154,R
T0_REP1_R_U41,F_Field_U41,T0,F,Field,U41,NA,clone_26,0.5267368063897103,29941,R
T0_REP1_R_U67,F_Field_U67,T0,F,Field,U67,NA,clone_40,0.5336919135626396,15541,R
T0_REP1_R_U71,F_Field_U71,T0,F,Field,U71,NA,clone_42,0.6367881518843654,20498,R
T0_REP1_R_U72,F_Field_U72,T0,F,Field,U72,NA,clone_43,0.5850746003769431,8840,R
T0_REP1_S_M1,F_Field_M1,T0,F,Field,M1,NA,clone_7,0.03042154565820803,7523,S
T0_REP1_S_M10,F_Field_M10,T0,F,Field,M10,NA,clone_6,0.3280738800080762,6248,S
T0_REP1_S_M6,F_Field_M6,T0,F,Field,M6,NA,clone_11,0.4126090663756678,20694,S
T0_REP1_S_U20,F_Field_U20,T0,F,Field,U20,NA,clone_19,0.48361904735164635,31245,R
T0_REP1_S_U31,F_Field_U31,T0,F,Field,U31,NA,clone_20,0.22580210845954632,6886,S
T0_REP1_S_U42,F_Field_U42,T0,F,Field,U42,NA,clone_27,0.22580210845954632,12639,S
T0_REP1_S_U46,F_Field_U46,T0,F,Field,U46,NA,clone_30,0.21157268509462895,18025,S
T0_REP1_S_U47,F_Field_U47,T0,F,Field,U47,NA,clone_103,0.34801091411193924,14934,S
T0_REP1_S_U58,F_Field_U58,T0,F,Field,U58,NA,clone_34,0.10674234253642308,16124,S
T0_REP1_S_U59,F_Field_U59,T0,F,Field,U59,NA,clone_35,0.2115726850946289,5442,S
T0_REP1_S_U65,F_Field_U65,T0,F,Field,U65,NA,clone_39,0.3480109141119393,3822,S
T3_D_D1_B8,D_D1_B8,T3,D,D1,B8,D,clone_66,0.3089636881866898,25297,S
T3_D_D1_K2,D_D1_K2,T3,D,D1,K2,D,clone_3,0.4356333398942291,34376,S
T3_D_D1_M2,D_D1_M2,T3,D,D1,M2,D,clone_9,0.3280738800080762,8809,S
T3_D_D1_M3,D_D1_M3,T3,D,D1,M3,D,clone_9,0.3903047418355598,34717,S
T3_D_D1_M5,D_D1_M5,T3,D,D1,M5,H,clone_10,0.6367881518843654,3983,R
T3_D_D1_U17,D_D1_U17,T3,D,D1,U17,D,clone_17,0.4126090663756678,39289,S
T3_D_D1_U19,D_D1_U19,T3,D,D1,U19,D,clone_18,0.4356333398942291,60713,S
T3_D_D1_U33,D_D1_U33,T3,D,D1,U33,D,clone_21,0.2732397851191928,42868,S
T3_D_D1_U39,D_D1_U39,T3,D,D1,U39,D,clone_24,0.3280738800080762,45207,S
T3_D_D1_U4,D_D1_U4,T3,D,D1,U4,D,clone_32,0.4593249166781684,31598,R
T3_D_D1_U41,D_D1_U41,T3,D,D1,U41,H,clone_26,0.5267368063897103,20609,R
T3_D_D1_U43,D_D1_U43,T3,D,D1,U43,H,clone_28,0.3386852215489822,75678,S
T3_D_D1_U44,D_D1_U44,T3,D,D1,U44,H,clone_29,0.2732397851191928,42056,S
T3_D_D1_U46,D_D1_U46,T3,D,D1,U46,D,clone_30,0.21157268509462895,19545,S
T3_D_D1_U5,D_D1_U5,T3,D,D1,U5,D,clone_36,0.4593249166781684,5423,R
T3_D_D1_U55,D_D1_U55,T3,D,D1,U55,D,clone_33,0.508438248490982,26189,R
T3_D_D1_U65,D_D1_U65,T3,D,D1,U65,D,clone_39,0.3480109141119393,36327,S
T3_D_D1_U72,D_D1_U72,T3,D,D1,U72,H,clone_43,0.5850746003769431,45330,R
T3_D_D1_U93,D_D1_U93,T3,D,D1,U93,D,clone_46,0.3089636881866898,9668,S
T3_D_D1_U98,D_D1_U98,T3,D,D1,U98,D,clone_47,0.2906859573324436,32941,S
T3_D_D2_B10,D_D2_B10,T3,D,D2,B10,H,clone_43,0.48361904735164635,3674,R
T3_D_D2_M1,D_D2_M1,T3,D,D2,M1,D,clone_7,0.03042154565820803,32971,S
T3_D_D2_M10,D_D2_M10,T3,D,D2,M10,D,clone_6,0.3280738800080762,36473,S
T3_D_D2_M7,D_D2_M7,T3,D,D2,M7,D,clone_98,0.3903047418355598,3879,S
T3_D_D2_U11,D_D2_U11,T3,D,D2,U11,D,clone_7,0.5336919135626396,8494,R
T3_D_D2_U14,D_D2_U14,T3,D,D2,U14,D,clone_3,0.3280738800080762,23074,S
T3_D_D2_U15,D_D2_U15,T3,D,D2,U15,D,clone_16,0.4593249166781684,28469,R
T3_D_D2_U20,D_D2_U20,T3,D,D2,U20,H,clone_19,0.48361904735164635,24318,R
T3_D_D2_U31,D_D2_U31,T3,D,D2,U31,D,clone_20,0.22580210845954632,21211,S
T3_D_D2_U37,D_D2_U37,T3,D,D2,U37,H,clone_26,0.6367881518843654,33299,R
T3_D_D2_U58,D_D2_U58,T3,D,D2,U58,D,clone_34,0.10674234253642308,39268,S
T3_D_D2_U62,D_D2_U62,T3,D,D2,U62,D,clone_7,0.3687617084886779,20360,S
T3_D_D2_U69,D_D2_U69,T3,D,D2,U69,D,clone_41,0.48361904735164635,31478,R
T3_D_D2_U71,D_D2_U71,T3,D,D2,U71,H,clone_42,0.6367881518843654,1873,R
T3_D_D2_U75,D_D2_U75,T3,D,D2,U75,D,clone_44,0.4593249166781684,33562,R
T3_D_D2_U91,D_D2_U91,T3,D,D2,U91,D,clone_45,0.3687617084886779,36031,S
T3_D_D4_K1,D_D4_K1,T3,D,D4,K1,H,clone_3,0.6367881518843654,37843,R
T3_D_D4_KW15,D_D4_KW15,T3,D,D4,KW15,D,clone_5,0.610958320744247,33341,R
T3_D_D4_U100,D_D4_U100,T3,D,D4,U100,D,clone_13,0.3903047418355598,30257,S
T3_D_D4_U3,D_D4_U3,T3,D,D4,U3,D,clone_25,0.508438248490982,43884,R
T3_D_D4_U35,D_D4_U35,T3,D,D4,U35,D,clone_22,0.4356333398942291,52197,S
T3_D_D4_U59,D_D4_U59,T3,D,D4,U59,D,clone_35,0.2115726850946289,21842,S
T3_D_D4_U63,D_D4_U63,T3,D,D4,U63,D,clone_38,0.48361904735164635,12312,R
T3_D_D4_U67,D_D4_U67,T3,D,D4,U67,H,clone_40,0.5336919135626396,4392,R
T3_D_D4_U9,D_D4_U9,T3,D,D4,U9,D,clone_48,0.5850746003769431,47487,R
T3_D_D4_U91,D_D4_U91,T3,D,D4,U91,D,clone_45,0.3687617084886779,56484,S
T3_H_H1_B10,H_H1_B10,T3,H,H1,B10,H,clone_43,0.48361904735164635,64548,R
T3_H_H1_M7,H_H1_M7,T3,H,H1,M7,H,clone_98,0.3903047418355598,40540,S
T3_H_H1_U100,H_H1_U100,T3,H,H1,U100,H,clone_13,0.3903047418355598,35287,S
T3_H_H1_U15,H_H1_U15,T3,H,H1,U15,H,clone_16,0.4593249166781684,30042,R
T3_H_H1_U20,H_H1_U20,T3,H,H1,U20,H,clone_19,0.48361904735164635,7328,R
T3_H_H1_U3,H_H1_U3,T3,H,H1,U3,H,clone_25,0.508438248490982,10935,R
T3_H_H1_U31,H_H1_U31,T3,H,H1,U31,H,clone_20,0.22580210845954632,49994,S
T3_H_H1_U35,H_H1_U35,T3,H,H1,U35,H,clone_22,0.4356333398942291,17520,S
T3_H_H1_U4,H_H1_U4,T3,H,H1,U4,H,clone_32,0.4593249166781684,34531,R
T3_H_H1_U41,H_H1_U41,T3,H,H1,U41,H,clone_26,0.5267368063897103,37888,R
T3_H_H1_U44,H_H1_U44,T3,H,H1,U44,H,clone_29,0.2732397851191928,5566,S
T3_H_H1_U46,H_H1_U46,T3,H,H1,U46,H,clone_30,0.21157268509462895,71621,S
T3_H_H1_U55,H_H1_U55,T3,H,H1,U55,H,clone_33,0.508438248490982,55508,R
T3_H_H1_U58,H_H1_U58,T3,H,H1,U58,H,clone_34,0.10674234253642308,22697,S
T3_H_H1_U63,H_H1_U63,T3,H,H1,U63,H,clone_38,0.48361904735164635,66232,R
T3_H_H1_U69,H_H1_U69,T3,H,H1,U69,H,clone_41,0.48361904735164635,33838,R
T3_H_H1_U9,H_H1_U9,T3,H,H1,U9,H,clone_48,0.5850746003769431,32447,R
T3_H_H1_U98,H_H1_U98,T3,H,H1,U98,H,clone_47,0.2906859573324436,27465,S
T3_H_H4_B8,H_H4_B8,T3,H,H4,B8,H,clone_66,0.3089636881866898,39078,S
T3_H_H4_KW15,H_H4_KW15,T3,H,H4,KW15,H,clone_5,0.610958320744247,5440,R
T3_H_H4_M10,H_H4_M10,T3,H,H4,M10,H,clone_6,0.3280738800080762,16794,S
T3_H_H4_U11,H_H4_U11,T3,H,H4,U11,H,clone_7,0.5336919135626396,38225,R
T3_H_H4_U17,H_H4_U17,T3,H,H4,U17,H,clone_17,0.4126090663756678,48147,S
T3_H_H4_U19,H_H4_U19,T3,H,H4,U19,H,clone_18,0.4356333398942291,18682,S
T3_H_H4_U37,H_H4_U37,T3,H,H4,U37,H,clone_26,0.6367881518843654,20803,R
T3_H_H4_U43,H_H4_U43,T3,H,H4,U43,H,clone_28,0.3386852215489822,41830,S
T3_H_H4_U47,H_H4_U47,T3,H,H4,U47,H,clone_103,0.34801091411193924,21524,S
T3_H_H4_U5,H_H4_U5,T3,H,H4,U5,H,clone_36,0.4593249166781684,32086,R
T3_H_H4_U65,H_H4_U65,T3,H,H4,U65,H,clone_39,0.3480109141119393,33494,S
T3_H_H4_U67,H_H4_U67,T3,H,H4,U67,H,clone_40,0.5336919135626396,27386,R
T3_H_H4_U91,H_H4_U91,T3,H,H4,U91,H,clone_45,0.3687617084886779,19261,S
T3_H_H4_U93,H_H4_U93,T3,H,H4,U93,H,clone_46,0.3089636881866898,6109,S
T3_H_H5_K1,H_H5_K1,T3,H,H5,K1,H,clone_3,0.6367881518843654,36195,R
T3_H_H5_M1,H_H5_M1,T3,H,H5,M1,H,clone_7,0.03042154565820803,15436,S
T3_H_H5_M2,H_H5_M2,T3,H,H5,M2,H,clone_9,0.3280738800080762,28011,S
T3_H_H5_M3,H_H5_M3,T3,H,H5,M3,H,clone_9,0.3903047418355598,21845,S
T3_H_H5_M5,H_H5_M5,T3,H,H5,M5,H,clone_10,0.6367881518843654,15690,R
T3_H_H5_U33,H_H5_U33,T3,H,H5,U33,H,clone_21,0.2732397851191928,70978,S
T3_H_H5_U39,H_H5_U39,T3,H,H5,U39,H,clone_24,0.3280738800080762,56805,S
T3_H_H5_U71,H_H5_U71,T3,H,H5,U71,H,clone_42,0.6367881518843654,15452,R
T3_H_H5_U72,H_H5_U72,T3,H,H5,U72,H,clone_43,0.5850746003769431,52547,R
T3_H_H5_U75,H_H5_U75,T3,H,H5,U75,H,clone_44,0.4593249166781684,64422,R
T7_D_D1_B8,D_D1_B8,T7,D,D1,B8,D,clone_66,0.3089636881866898,6837,S
T7_D_D1_K2,D_D1_K2,T7,D,D1,K2,D,clone_3,0.4356333398942291,7460,S
T7_D_D1_M1,D_D1_M1,T7,D,D1,M1,D,clone_7,0.03042154565820803,12746,S
T7_D_D1_M2,D_D1_M2,T7,D,D1,M2,D,clone_9,0.3280738800080762,8908,S
T7_D_D1_M3,D_D1_M3,T7,D,D1,M3,D,clone_9,0.3903047418355598,8856,S
T7_D_D1_M5,D_D1_M5,T7,D,D1,M5,H,clone_10,0.6367881518843654,17586,R
T7_D_D1_U17,D_D1_U17,T7,D,D1,U17,D,clone_17,0.4126090663756678,16756,S
T7_D_D1_U19,D_D1_U19,T7,D,D1,U19,D,clone_18,0.4356333398942291,8268,S
T7_D_D1_U33,D_D1_U33,T7,D,D1,U33,D,clone_21,0.2732397851191928,26091,S
T7_D_D1_U37,D_D1_U37,T7,D,D1,U37,H,clone_26,0.6367881518843654,13961,R
T7_D_D1_U39,D_D1_U39,T7,D,D1,U39,D,clone_24,0.3280738800080762,16934,S
T7_D_D1_U4,D_D1_U4,T7,D,D1,U4,D,clone_32,0.4593249166781684,7796,R
T7_D_D1_U41,D_D1_U41,T7,D,D1,U41,H,clone_26,0.5267368063897103,20533,R
T7_D_D1_U42,D_D1_U42,T7,D,D1,U42,D,clone_27,0.22580210845954632,8417,S
T7_D_D1_U43,D_D1_U43,T7,D,D1,U43,H,clone_28,0.3386852215489822,14530,S
T7_D_D1_U44,D_D1_U44,T7,D,D1,U44,H,clone_29,0.2732397851191928,21910,S
T7_D_D1_U46,D_D1_U46,T7,D,D1,U46,D,clone_30,0.21157268509462895,10592,S
T7_D_D1_U5,D_D1_U5,T7,D,D1,U5,D,clone_36,0.4593249166781684,5272,R
T7_D_D1_U55,D_D1_U55,T7,D,D1,U55,D,clone_33,0.508438248490982,8072,R
T7_D_D1_U58,D_D1_U58,T7,D,D1,U58,D,clone_34,0.10674234253642308,18863,S
T7_D_D1_U65,D_D1_U65,T7,D,D1,U65,D,clone_39,0.3480109141119393,7614,S
T7_D_D1_U72,D_D1_U72,T7,D,D1,U72,H,clone_43,0.5850746003769431,10682,R
T7_D_D1_U93,D_D1_U93,T7,D,D1,U93,D,clone_46,0.3089636881866898,3622,S
T7_D_D1_U98,D_D1_U98,T7,D,D1,U98,D,clone_47,0.2906859573324436,9429,S
T7_D_D2_B10,D_D2_B10,T7,D,D2,B10,H,clone_43,0.48361904735164635,20982,R
T7_D_D2_K1,D_D2_K1,T7,D,D2,K1,H,clone_3,0.6367881518843654,6201,R
T7_D_D2_M1,D_D2_M1,T7,D,D2,M1,D,clone_7,0.03042154565820803,18131,S
T7_D_D2_M10,D_D2_M10,T7,D,D2,M10,D,clone_6,0.3280738800080762,16825,S
T7_D_D2_M5,D_D2_M5,T7,D,D2,M5,H,clone_10,0.6367881518843654,8129,R
T7_D_D2_M6,D_D2_M6,T7,D,D2,M6,D,clone_11,0.4126090663756678,8928,S
T7_D_D2_M7,D_D2_M7,T7,D,D2,M7,D,clone_98,0.3903047418355598,20641,S
T7_D_D2_U11,D_D2_U11,T7,D,D2,U11,D,clone_7,0.5336919135626396,30246,R
T7_D_D2_U14,D_D2_U14,T7,D,D2,U14,D,clone_3,0.3280738800080762,6102,S
T7_D_D2_U15,D_D2_U15,T7,D,D2,U15,D,clone_16,0.4593249166781684,16336,R
T7_D_D2_U20,D_D2_U20,T7,D,D2,U20,H,clone_19,0.48361904735164635,22926,R
T7_D_D2_U31,D_D2_U31,T7,D,D2,U31,D,clone_20,0.22580210845954632,12462,S
T7_D_D2_U37,D_D2_U37,T7,D,D2,U37,H,clone_26,0.6367881518843654,15532,R
T7_D_D2_U58,D_D2_U58,T7,D,D2,U58,D,clone_34,0.10674234253642308,12290,S
T7_D_D2_U62,D_D2_U62,T7,D,D2,U62,D,clone_7,0.3687617084886779,8097,S
T7_D_D2_U69,D_D2_U69,T7,D,D2,U69,D,clone_41,0.48361904735164635,15571,R
T7_D_D2_U71,D_D2_U71,T7,D,D2,U71,H,clone_42,0.6367881518843654,5438,R
T7_D_D2_U75,D_D2_U75,T7,D,D2,U75,D,clone_44,0.4593249166781684,16180,R
T7_D_D2_U91,D_D2_U91,T7,D,D2,U91,D,clone_45,0.3687617084886779,11153,S
T7_D_D3_U41,D_D3_U41,T7,D,D3,U41,H,clone_26,0.5267368063897103,9486,R
T7_D_D3_U67,D_D3_U67,T7,D,D3,U67,H,clone_40,0.5336919135626396,5865,R
T7_D_D4_K1,D_D4_K1,T7,D,D4,K1,H,clone_3,0.6367881518843654,10619,R
T7_D_D4_KW15,D_D4_KW15,T7,D,D4,KW15,D,clone_5,0.610958320744247,3861,R
T7_D_D4_M1,D_D4_M1,T7,D,D4,M1,D,clone_7,0.03042154565820803,15084,S
T7_D_D4_U100,D_D4_U100,T7,D,D4,U100,D,clone_13,0.3903047418355598,8609,S
T7_D_D4_U20,D_D4_U20,T7,D,D4,U20,H,clone_19,0.48361904735164635,7933,R
T7_D_D4_U3,D_D4_U3,T7,D,D4,U3,D,clone_25,0.508438248490982,79131,R
T7_D_D4_U35,D_D4_U35,T7,D,D4,U35,D,clone_22,0.4356333398942291,7965,S
T7_D_D4_U44,D_D4_U44,T7,D,D4,U44,D,clone_29,0.2732397851191928,1123,S
T7_D_D4_U58,D_D4_U58,T7,D,D4,U58,D,clone_34,0.10674234253642308,19468,S
T7_D_D4_U59,D_D4_U59,T7,D,D4,U59,D,clone_35,0.2115726850946289,4700,S
T7_D_D4_U63,D_D4_U63,T7,D,D4,U63,D,clone_38,0.48361904735164635,8850,R
T7_D_D4_U67,D_D4_U67,T7,D,D4,U67,H,clone_40,0.5336919135626396,6504,R
T7_D_D4_U71,D_D4_U71,T7,D,D4,U71,H,clone_42,0.6367881518843654,13697,R
T7_D_D4_U72,D_D4_U72,T7,D,D4,U72,H,clone_43,0.5850746003769431,10999,R
T7_D_D4_U9,D_D4_U9,T7,D,D4,U9,D,clone_48,0.5850746003769431,20675,R
T7_D_D4_U91,D_D4_U91,T7,D,D4,U91,D,clone_45,0.3687617084886779,10455,S
T7_D_D5_M1,D_D5_M1,T7,D,D5,M1,D,clone_7,0.03042154565820803,30595,S
T7_D_D5_U33,D_D5_U33,T7,D,D5,U33,D,clone_21,0.2732397851191928,10322,S
T7_D_D5_U39,D_D5_U39,T7,D,D5,U39,D,clone_24,0.3280738800080762,23660,S
T7_D_D5_U43,D_D5_U43,T7,D,D5,U43,D,clone_28,0.3386852215489822,9480,S
T7_D_D5_U98,D_D5_U98,T7,D,D5,U98,D,clone_47,0.2906859573324436,22323,S
T7_H_H1_B10,H_H1_B10,T7,H,H1,B10,H,clone_43,0.48361904735164635,5643,R
T7_H_H1_M6,H_H1_M6,T7,H,H1,M6,H,clone_11,0.4126090663756678,6675,S
T7_H_H1_M7,H_H1_M7,T7,H,H1,M7,H,clone_98,0.3903047418355598,5774,S
T7_H_H1_U100,H_H1_U100,T7,H,H1,U100,H,clone_13,0.3903047418355598,18057,S
T7_H_H1_U14,H_H1_U14,T7,H,H1,U14,H,clone_3,0.3280738800080762,21779,S
T7_H_H1_U15,H_H1_U15,T7,H,H1,U15,H,clone_16,0.4593249166781684,21699,R
T7_H_H1_U20,H_H1_U20,T7,H,H1,U20,H,clone_19,0.48361904735164635,17197,R
T7_H_H1_U3,H_H1_U3,T7,H,H1,U3,H,clone_25,0.508438248490982,11494,R
T7_H_H1_U31,H_H1_U31,T7,H,H1,U31,H,clone_20,0.22580210845954632,11595,S
T7_H_H1_U35,H_H1_U35,T7,H,H1,U35,H,clone_22,0.4356333398942291,6971,S
T7_H_H1_U41,H_H1_U41,T7,H,H1,U41,H,clone_26,0.5267368063897103,9595,R
T7_H_H1_U42,H_H1_U42,T7,H,H1,U42,H,clone_27,0.22580210845954632,13391,S
T7_H_H1_U44,H_H1_U44,T7,H,H1,U44,H,clone_29,0.2732397851191928,26074,S
T7_H_H1_U46,H_H1_U46,T7,H,H1,U46,H,clone_30,0.21157268509462895,7455,S
T7_H_H1_U55,H_H1_U55,T7,H,H1,U55,H,clone_33,0.508438248490982,15983,R
T7_H_H1_U58,H_H1_U58,T7,H,H1,U58,H,clone_34,0.10674234253642308,14076,S
T7_H_H1_U63,H_H1_U63,T7,H,H1,U63,H,clone_38,0.48361904735164635,12040,R
T7_H_H1_U69,H_H1_U69,T7,H,H1,U69,H,clone_41,0.48361904735164635,2126,R
T7_H_H1_U9,H_H1_U9,T7,H,H1,U9,H,clone_48,0.5850746003769431,26343,R
T7_H_H1_U98,H_H1_U98,T7,H,H1,U98,H,clone_47,0.2906859573324436,22987,S
T7_H_H4_B8,H_H4_B8,T7,H,H4,B8,H,clone_66,0.3089636881866898,7383,S
T7_H_H4_KW15,H_H4_KW15,T7,H,H4,KW15,H,clone_5,0.610958320744247,23827,R
T7_H_H4_M10,H_H4_M10,T7,H,H4,M10,H,clone_6,0.3280738800080762,19589,S
T7_H_H4_U11,H_H4_U11,T7,H,H4,U11,H,clone_7,0.5336919135626396,15587,R
T7_H_H4_U17,H_H4_U17,T7,H,H4,U17,H,clone_17,0.4126090663756678,17190,S
T7_H_H4_U19,H_H4_U19,T7,H,H4,U19,H,clone_18,0.4356333398942291,17218,S
T7_H_H4_U37,H_H4_U37,T7,H,H4,U37,H,clone_26,0.6367881518843654,7097,R
T7_H_H4_U43,H_H4_U43,T7,H,H4,U43,H,clone_28,0.3386852215489822,12969,S
T7_H_H4_U47,H_H4_U47,T7,H,H4,U47,H,clone_103,0.34801091411193924,15145,S
T7_H_H4_U5,H_H4_U5,T7,H,H4,U5,H,clone_36,0.4593249166781684,3308,R
T7_H_H4_U62,H_H4_U62,T7,H,H4,U62,H,clone_7,0.3687617084886779,27221,S
T7_H_H4_U65,H_H4_U65,T7,H,H4,U65,H,clone_39,0.3480109141119393,10995,S
T7_H_H4_U67,H_H4_U67,T7,H,H4,U67,H,clone_40,0.5336919135626396,14481,R
T7_H_H4_U91,H_H4_U91,T7,H,H4,U91,H,clone_45,0.3687617084886779,6745,S
T7_H_H4_U93,H_H4_U93,T7,H,H4,U93,H,clone_46,0.3089636881866898,5746,S
T7_H_H5_K1,H_H5_K1,T7,H,H5,K1,H,clone_3,0.6367881518843654,3775,R
T7_H_H5_M1,H_H5_M1,T7,H,H5,M1,H,clone_7,0.03042154565820803,8290,S
T7_H_H5_M2,H_H5_M2,T7,H,H5,M2,H,clone_9,0.3280738800080762,8395,S
T7_H_H5_M3,H_H5_M3,T7,H,H5,M3,H,clone_9,0.3903047418355598,8417,S
T7_H_H5_M5,H_H5_M5,T7,H,H5,M5,H,clone_10,0.6367881518843654,7746,R
T7_H_H5_U33,H_H5_U33,T7,H,H5,U33,H,clone_21,0.2732397851191928,5718,S
T7_H_H5_U39,H_H5_U39,T7,H,H5,U39,H,clone_24,0.3280738800080762,4174,S
T7_H_H5_U71,H_H5_U71,T7,H,H5,U71,H,clone_42,0.6367881518843654,11143,R
T7_H_H5_U72,H_H5_U72,T7,H,H5,U72,H,clone_43,0.5850746003769431,15541,R
T7_H_H5_U75,H_H5_U75,T7,H,H5,U75,H,clone_44,0.4593249166781684,11432,R
